Query Id,Query,Query Category,System Output,Remarks
1,Why did the customer raise a complaint?,Root Cause Analysis,"The customer raised a complaint because a ""security hold"" was preventing them from accessing their customer dashboard.

Causal chain:
1.  **Causal Factor:** A ""security hold"" was active on the customer's account (Agent, Turn 10: ""I'm removing the security hold now"").
2.  **Direct Effect:** This security hold prevented the customer from accessing their customer dashboard (Customer, Turn 7: ""I need to access my customer dashboard right now. How do we fix this?"" and Turn 11: ""Yes! It's working now,"" after the hold was removed).
3.  **Outcome:** The inability to access the dashboard due to the security hold led the customer to raise a complaint seeking a fix.",Transcript 8091-3291-7899-8020 | Initial
2,How does this complaint impact customer trust?,Impact Assessment,"The complaint likely had a **mixed impact on customer trust, initially causing a temporary dip but largely mitigating it through effective resolution.**

1.  **Initial Negative Impact:** The ""security hold"" preventing the customer from accessing their dashboard, as identified in the previous analysis, created an immediate point of friction and frustration. Despite the customer stating, ""I understand the security"" (Turn 7), the inability to access essential services ""right now"" (Turn 7) inherently undermines trust in the system's reliability and responsiveness. This obstruction of a core function, leading to the complaint, suggests that the customer's immediate trust in the service's accessibility was negatively affected.

2.  **Mitigation and Potential Restoration:** The agent's swift and successful resolution of the issue by removing the security hold (Turn 10) significantly mitigated this negative impact. The customer's immediate positive response, ""Yes! It's working now. Thank you so much"" (Turn 11), indicates relief and satisfaction with the resolution. This prompt and effective fix likely helped restore the customer's immediate confidence and prevented a significant, lasting erosion of trust from this specific interaction. Therefore, while the initial incident challenged trust, the efficient resolution worked to reaffirm it.",Transcript 8091-3291-7899-8020 | Follow-up
3,Why did the customer raise a complaint?,Root Cause Analysis,"The customer raised a complaint because they were unable to access their customer dashboard.

The causal chain is as follows:
1.  **Problem:** The customer explicitly states, ""I need to access my customer dashboard right now"" (Turn 7), indicating they are currently unable to do so.
2.  **Perceived Cause:** The customer acknowledges ""the security"" (Turn 7) as a barrier.
3.  **Specific Cause Confirmation:** The agent later clarifies this as a ""security hold"" (Turn 10), which was preventing dashboard access.
4.  **Complaint Action:** Due to the inability to access their dashboard, the customer asks, ""How do we fix this?"" (Turn 7), which constitutes raising a complaint to seek a resolution for their access issue.",Transcript 6867-1697-7694-3607 | Initial
4,How does this complaint impact customer trust?,Impact Assessment,"The complaint, stemming from the customer's inability to access their dashboard, created a situation of urgency and inconvenience as expressed in Turn 7 (""I need to access my customer dashboard right now""). This inability to access a fundamental service could have temporarily eroded the customer's trust in the reliability and accessibility of the service.

However, the customer's statement, ""I understand the security,"" in Turn 7 indicates that their complaint was primarily about the *impact* of the security hold on their immediate access rather than a fundamental mistrust of the company's security measures. The swift resolution by the agent (Turn 10), which successfully removed the security hold, and the customer's immediate and grateful feedback (""Yes! It's working now. Thank you so much."" in Turn 11) suggest that any potential negative impact on trust was quickly mitigated and likely restored. The prompt and effective resolution demonstrated the company's responsiveness and ability to address critical issues, thereby preventing a lasting damage to customer trust.",Transcript 6867-1697-7694-3607 | Follow-up
5,Why did the customer raise a complaint?,Root Cause Analysis,"Based on the provided evidence, the customer raised a complaint due to a **service outage** that had been ongoing since the morning.

Here's the causal breakdown:

1.  **Existence of an Outage:** In Turn 12, the agent explicitly states, ""I'm also crediting your account for the since this morning of outage."" This directly indicates that the customer's service had been disrupted due to an outage.
2.  **Impact of Outage:** A service outage directly impacts the customer's ability to use their service (implied by calling ""technical support"" in Turn 0 and troubleshooting ""modem"" issues in Turn 4).
3.  **Customer Action (Raising Complaint):** The customer's call to ""SystemsPlus technical support"" (Turn 0) serves as the act of raising a complaint or reporting an issue stemming from this outage. The agent's subsequent troubleshooting (Turn 4, involving modem diagnostics) and the offer of a credit (Turn 12) confirm that the customer's initial contact was to address this service disruption.
4.  **Agent's Resolution:** The credit offered by the agent in Turn 12 is a direct consequence and resolution for the inconvenience and loss of service caused by the ""outage since this morning,"" confirming it as the root cause of the customer's complaint.",Transcript 3097-8312-6316-8913 | Initial
6,How does this complaint impact customer trust?,Impact Assessment,"This complaint negatively impacts customer trust because it stems from a **service outage** (Turn 12), which is a failure in the core service provided by SystemsPlus.

Here's the breakdown of the impact:

1.  **Breach of Expectation:** Customers subscribe to a service with the expectation of reliable and continuous operation. A service outage, especially one lasting ""since this morning"" (Turn 12), directly violates this fundamental expectation.
2.  **Inconvenience and Frustration:** The customer had to invest their time and effort to contact technical support (Turn 0) and troubleshoot (Turn 4) a problem that should ideally not have occurred. This inconvenience and disruption inherently reduce confidence in the service provider.
3.  **Erosion of Reliability Perception:** The existence of an outage causes the customer to perceive the service as less reliable, which is a key component of trust.

While the agent's action of ""crediting your account for the...outage"" (Turn 12) is an attempt to compensate and potentially mitigate some of the negative impact, the underlying complaint itself is a manifestation of eroded trust due to the service failure. The need for a complaint and a credit indicates a disruption to the customer's expected service quality and reliability.",Transcript 3097-8312-6316-8913 | Follow-up
7,Why did the customer raise a complaint?,Root Cause Analysis,"Error: 429 You exceeded your current quota, please check your plan and billing details. For more information on this error, head to: https://ai.google.dev/gemini-api/docs/rate-limits. To monitor your current usage, head to: https://ai.dev/rate-limit. 
* Quota exceeded for metric: generativelanguage.googleapis.com/generate_content_free_tier_requests, limit: 5, model: gemini-2.5-flash
Please retry in 51.634791433s. [links {
  description: ""Learn more about Gemini API quotas""
  url: ""https://ai.google.dev/gemini-api/docs/rate-limits""
}
, violations {
  quota_metric: ""generativelanguage.googleapis.com/generate_content_free_tier_requests""
  quota_id: ""GenerateRequestsPerMinutePerProjectPerModel-FreeTier""
  quota_dimensions {
    key: ""model""
    value: ""gemini-2.5-flash""
  }
  quota_dimensions {
    key: ""location""
    value: ""global""
  }
  quota_value: 5
}
, retry_delay {
  seconds: 51
}
]",Transcript 7172-3330-4808-3051 | Initial
8,How does this complaint impact customer trust?,Impact Assessment,"This complaint impacts customer trust by revealing a deficit in the clarity, completeness, and reliability of the information provided, necessitating customer-initiated re-confirmation.

1.  **Initial Lack of Clarity Leads to Uncertainty:** In Turn 19, the customer's statement, ""Okay, that makes sense now,"" directly implies that the information provided was initially confusing or incomplete, requiring further explanation to be understood. This immediately undermines trust in the service's ability to communicate clearly. The subsequent question, ""Will my insurance cover any of it?"", highlights a critical financial uncertainty that was not proactively addressed, signaling a lack of transparency regarding costs and coverage.
2.  **Need for Re-confirmation Demonstrates Eroding Confidence:** The comprehensive re-confirmation in Turn 21, where the customer reiterates ""Alright. So my test results should be available today, the referral will be processed, and the $75 bill is correct?"", causally demonstrates a lack of full confidence in the previously communicated details. The customer feels compelled to explicitly re-verify multiple, critical pieces of information, including the correctness of the bill, indicating a perception that the information may not be entirely accurate or reliably settled.
3.  **Causal Impact on Trust:** The combined evidence of initial confusion (Turn 19) and the subsequent need for the customer to proactively re-verify multiple outcomes (Turn 21) directly erodes trust. It indicates that the customer does not fully trust the accuracy, completeness, or clarity of the information provided by the service, particularly concerning crucial financial aspects and procedural steps. This suggests a breakdown in reliable communication, which is fundamental to building and maintaining customer trust.",Transcript 7172-3330-4808-3051 | Follow-up
9,Why did the customer raise a complaint?,Root Cause Analysis,"Error: 429 You exceeded your current quota, please check your plan and billing details. For more information on this error, head to: https://ai.google.dev/gemini-api/docs/rate-limits. To monitor your current usage, head to: https://ai.dev/rate-limit. 
* Quota exceeded for metric: generativelanguage.googleapis.com/generate_content_free_tier_requests, limit: 5, model: gemini-2.5-flash
Please retry in 43.143081719s. [links {
  description: ""Learn more about Gemini API quotas""
  url: ""https://ai.google.dev/gemini-api/docs/rate-limits""
}
, violations {
  quota_metric: ""generativelanguage.googleapis.com/generate_content_free_tier_requests""
  quota_id: ""GenerateRequestsPerMinutePerProjectPerModel-FreeTier""
  quota_dimensions {
    key: ""model""
    value: ""gemini-2.5-flash""
  }
  quota_dimensions {
    key: ""location""
    value: ""global""
  }
  quota_value: 5
}
, retry_delay {
  seconds: 43
}
]",Transcript 3973-3477-5942-7055 | Initial
10,How does this complaint impact customer trust?,Impact Assessment,"Error: 429 You exceeded your current quota, please check your plan and billing details. For more information on this error, head to: https://ai.google.dev/gemini-api/docs/rate-limits. To monitor your current usage, head to: https://ai.dev/rate-limit. 
* Quota exceeded for metric: generativelanguage.googleapis.com/generate_content_free_tier_requests, limit: 5, model: gemini-2.5-flash
Please retry in 42.723087582s. [links {
  description: ""Learn more about Gemini API quotas""
  url: ""https://ai.google.dev/gemini-api/docs/rate-limits""
}
, violations {
  quota_metric: ""generativelanguage.googleapis.com/generate_content_free_tier_requests""
  quota_id: ""GenerateRequestsPerMinutePerProjectPerModel-FreeTier""
  quota_dimensions {
    key: ""model""
    value: ""gemini-2.5-flash""
  }
  quota_dimensions {
    key: ""location""
    value: ""global""
  }
  quota_value: 5
}
, retry_delay {
  seconds: 42
}
]",Transcript 3973-3477-5942-7055 | Follow-up
11,Why did the customer raise a complaint?,Root Cause Analysis,"Error: 429 You exceeded your current quota, please check your plan and billing details. For more information on this error, head to: https://ai.google.dev/gemini-api/docs/rate-limits. To monitor your current usage, head to: https://ai.dev/rate-limit. 
* Quota exceeded for metric: generativelanguage.googleapis.com/generate_content_free_tier_requests, limit: 5, model: gemini-2.5-flash
Please retry in 41.887511893s. [links {
  description: ""Learn more about Gemini API quotas""
  url: ""https://ai.google.dev/gemini-api/docs/rate-limits""
}
, violations {
  quota_metric: ""generativelanguage.googleapis.com/generate_content_free_tier_requests""
  quota_id: ""GenerateRequestsPerMinutePerProjectPerModel-FreeTier""
  quota_dimensions {
    key: ""model""
    value: ""gemini-2.5-flash""
  }
  quota_dimensions {
    key: ""location""
    value: ""global""
  }
  quota_value: 5
}
, retry_delay {
  seconds: 41
}
]",Transcript 6679-5013-8263-6597 | Initial
12,How does this complaint impact customer trust?,Impact Assessment,"Error: 429 You exceeded your current quota, please check your plan and billing details. For more information on this error, head to: https://ai.google.dev/gemini-api/docs/rate-limits. To monitor your current usage, head to: https://ai.dev/rate-limit. 
* Quota exceeded for metric: generativelanguage.googleapis.com/generate_content_free_tier_requests, limit: 5, model: gemini-2.5-flash
Please retry in 41.423094353s. [links {
  description: ""Learn more about Gemini API quotas""
  url: ""https://ai.google.dev/gemini-api/docs/rate-limits""
}
, violations {
  quota_metric: ""generativelanguage.googleapis.com/generate_content_free_tier_requests""
  quota_id: ""GenerateRequestsPerMinutePerProjectPerModel-FreeTier""
  quota_dimensions {
    key: ""model""
    value: ""gemini-2.5-flash""
  }
  quota_dimensions {
    key: ""location""
    value: ""global""
  }
  quota_value: 5
}
, retry_delay {
  seconds: 41
}
]",Transcript 6679-5013-8263-6597 | Follow-up
13,Why did the customer raise a complaint?,Root Cause Analysis,"Error: 429 You exceeded your current quota, please check your plan and billing details. For more information on this error, head to: https://ai.google.dev/gemini-api/docs/rate-limits. To monitor your current usage, head to: https://ai.dev/rate-limit. 
* Quota exceeded for metric: generativelanguage.googleapis.com/generate_content_free_tier_requests, limit: 5, model: gemini-2.5-flash
Please retry in 40.667225695s. [links {
  description: ""Learn more about Gemini API quotas""
  url: ""https://ai.google.dev/gemini-api/docs/rate-limits""
}
, violations {
  quota_metric: ""generativelanguage.googleapis.com/generate_content_free_tier_requests""
  quota_id: ""GenerateRequestsPerMinutePerProjectPerModel-FreeTier""
  quota_dimensions {
    key: ""model""
    value: ""gemini-2.5-flash""
  }
  quota_dimensions {
    key: ""location""
    value: ""global""
  }
  quota_value: 5
}
, retry_delay {
  seconds: 40
}
]",Transcript 1363-9683-3428-7159 | Initial
14,How does this complaint impact customer trust?,Impact Assessment,"Error: 429 You exceeded your current quota, please check your plan and billing details. For more information on this error, head to: https://ai.google.dev/gemini-api/docs/rate-limits. To monitor your current usage, head to: https://ai.dev/rate-limit. 
* Quota exceeded for metric: generativelanguage.googleapis.com/generate_content_free_tier_requests, limit: 5, model: gemini-2.5-flash
Please retry in 40.116728216s. [links {
  description: ""Learn more about Gemini API quotas""
  url: ""https://ai.google.dev/gemini-api/docs/rate-limits""
}
, violations {
  quota_metric: ""generativelanguage.googleapis.com/generate_content_free_tier_requests""
  quota_id: ""GenerateRequestsPerMinutePerProjectPerModel-FreeTier""
  quota_dimensions {
    key: ""model""
    value: ""gemini-2.5-flash""
  }
  quota_dimensions {
    key: ""location""
    value: ""global""
  }
  quota_value: 5
}
, retry_delay {
  seconds: 40
}
]",Transcript 1363-9683-3428-7159 | Follow-up
15,Why did the customer raise a complaint?,Root Cause Analysis,"Error: 429 You exceeded your current quota, please check your plan and billing details. For more information on this error, head to: https://ai.google.dev/gemini-api/docs/rate-limits. To monitor your current usage, head to: https://ai.dev/rate-limit. 
* Quota exceeded for metric: generativelanguage.googleapis.com/generate_content_free_tier_requests, limit: 5, model: gemini-2.5-flash
Please retry in 39.704933259s. [links {
  description: ""Learn more about Gemini API quotas""
  url: ""https://ai.google.dev/gemini-api/docs/rate-limits""
}
, violations {
  quota_metric: ""generativelanguage.googleapis.com/generate_content_free_tier_requests""
  quota_id: ""GenerateRequestsPerMinutePerProjectPerModel-FreeTier""
  quota_dimensions {
    key: ""model""
    value: ""gemini-2.5-flash""
  }
  quota_dimensions {
    key: ""location""
    value: ""global""
  }
  quota_value: 5
}
, retry_delay {
  seconds: 39
}
]",Transcript 5928-8023-8078-6946 | Initial
16,How does this complaint impact customer trust?,Impact Assessment,"Error: 429 You exceeded your current quota, please check your plan and billing details. For more information on this error, head to: https://ai.google.dev/gemini-api/docs/rate-limits. To monitor your current usage, head to: https://ai.dev/rate-limit. 
* Quota exceeded for metric: generativelanguage.googleapis.com/generate_content_free_tier_requests, limit: 5, model: gemini-2.5-flash
Please retry in 39.302842275s. [links {
  description: ""Learn more about Gemini API quotas""
  url: ""https://ai.google.dev/gemini-api/docs/rate-limits""
}
, violations {
  quota_metric: ""generativelanguage.googleapis.com/generate_content_free_tier_requests""
  quota_id: ""GenerateRequestsPerMinutePerProjectPerModel-FreeTier""
  quota_dimensions {
    key: ""model""
    value: ""gemini-2.5-flash""
  }
  quota_dimensions {
    key: ""location""
    value: ""global""
  }
  quota_value: 5
}
, retry_delay {
  seconds: 39
}
]",Transcript 5928-8023-8078-6946 | Follow-up
17,Why did the customer raise a complaint?,Root Cause Analysis,"Error: 429 You exceeded your current quota, please check your plan and billing details. For more information on this error, head to: https://ai.google.dev/gemini-api/docs/rate-limits. To monitor your current usage, head to: https://ai.dev/rate-limit. 
* Quota exceeded for metric: generativelanguage.googleapis.com/generate_content_free_tier_requests, limit: 5, model: gemini-2.5-flash
Please retry in 38.88865703s. [links {
  description: ""Learn more about Gemini API quotas""
  url: ""https://ai.google.dev/gemini-api/docs/rate-limits""
}
, violations {
  quota_metric: ""generativelanguage.googleapis.com/generate_content_free_tier_requests""
  quota_id: ""GenerateRequestsPerMinutePerProjectPerModel-FreeTier""
  quota_dimensions {
    key: ""model""
    value: ""gemini-2.5-flash""
  }
  quota_dimensions {
    key: ""location""
    value: ""global""
  }
  quota_value: 5
}
, retry_delay {
  seconds: 38
}
]",Transcript 7167-8782-2387-9231 | Initial
18,How does this complaint impact customer trust?,Impact Assessment,"Error: 429 You exceeded your current quota, please check your plan and billing details. For more information on this error, head to: https://ai.google.dev/gemini-api/docs/rate-limits. To monitor your current usage, head to: https://ai.dev/rate-limit. 
* Quota exceeded for metric: generativelanguage.googleapis.com/generate_content_free_tier_requests, limit: 5, model: gemini-2.5-flash
Please retry in 38.436663107s. [links {
  description: ""Learn more about Gemini API quotas""
  url: ""https://ai.google.dev/gemini-api/docs/rate-limits""
}
, violations {
  quota_metric: ""generativelanguage.googleapis.com/generate_content_free_tier_requests""
  quota_id: ""GenerateRequestsPerMinutePerProjectPerModel-FreeTier""
  quota_dimensions {
    key: ""model""
    value: ""gemini-2.5-flash""
  }
  quota_dimensions {
    key: ""location""
    value: ""global""
  }
  quota_value: 5
}
, retry_delay {
  seconds: 38
}
]",Transcript 7167-8782-2387-9231 | Follow-up
19,Why did the customer raise a complaint?,Root Cause Analysis,"Error: 429 You exceeded your current quota, please check your plan and billing details. For more information on this error, head to: https://ai.google.dev/gemini-api/docs/rate-limits. To monitor your current usage, head to: https://ai.dev/rate-limit. 
* Quota exceeded for metric: generativelanguage.googleapis.com/generate_content_free_tier_requests, limit: 5, model: gemini-2.5-flash
Please retry in 37.99312375s. [links {
  description: ""Learn more about Gemini API quotas""
  url: ""https://ai.google.dev/gemini-api/docs/rate-limits""
}
, violations {
  quota_metric: ""generativelanguage.googleapis.com/generate_content_free_tier_requests""
  quota_id: ""GenerateRequestsPerMinutePerProjectPerModel-FreeTier""
  quota_dimensions {
    key: ""model""
    value: ""gemini-2.5-flash""
  }
  quota_dimensions {
    key: ""location""
    value: ""global""
  }
  quota_value: 5
}
, retry_delay {
  seconds: 37
}
]",Transcript 9270-1429-5425-3028 | Initial
20,How does this complaint impact customer trust?,Impact Assessment,"Error: 429 You exceeded your current quota, please check your plan and billing details. For more information on this error, head to: https://ai.google.dev/gemini-api/docs/rate-limits. To monitor your current usage, head to: https://ai.dev/rate-limit. 
* Quota exceeded for metric: generativelanguage.googleapis.com/generate_content_free_tier_requests, limit: 5, model: gemini-2.5-flash
Please retry in 37.586407055s. [links {
  description: ""Learn more about Gemini API quotas""
  url: ""https://ai.google.dev/gemini-api/docs/rate-limits""
}
, violations {
  quota_metric: ""generativelanguage.googleapis.com/generate_content_free_tier_requests""
  quota_id: ""GenerateRequestsPerMinutePerProjectPerModel-FreeTier""
  quota_dimensions {
    key: ""model""
    value: ""gemini-2.5-flash""
  }
  quota_dimensions {
    key: ""location""
    value: ""global""
  }
  quota_value: 5
}
, retry_delay {
  seconds: 37
}
]",Transcript 9270-1429-5425-3028 | Follow-up
